Consumer Brands,Movies,Music Groups,News Resources,Sports,Video Games,Women,TV Shows,Retailers,New Products,MP3 Music Services,Men
1) Nokia,1) Harry Potter,1) Beatles,1) CNN,1) Anna Kournikova,1) Counterstrike,1) Britney Spears,1) Loft Story,1) Amazon,1) Windows XP,1) Morpheus,1) Nostradamus
2) Sony,2) Lord of the Rings,2) U2,2) BBC,2) Tour de France,2) The Sims,2) Pamela Anderson,2) Big Brother,2) IKEA,2) Xbox,2) Napster,2) Osama bin Laden
3) BMW,3) Final Fantasy,3) N Sync,3) New York Times,3) Dale Earnhardt,3) Operation Flashpoint,3) Jennifer Lopez,3) The Simpsons,"3) Toys ""R"" Us",3) PlayStation 2,3) Gnutella,3) Eminem
4) Palm,4) Tomb Raider,4) Backstreet Boys,4) MSNBC,4) Wimbledon,4) Moorhuhn 3,4) Madonna,4) Survivor,4) Walmart,4) GameCube,4) Kazaa,4) Michael Jackson
5) Adobe,5) Shrek,5) Linkin Park,5) Washington Post,5) US Open,5) Wolfenstein,5) Aaliyah,5) Gran Hermano,5) Circuit City,5) Nokia 5510,5) Audiogalaxy,5) Howard Stern
6) Dell,6) Pearl Harbor,6) Pink Floyd,6) Fox News,6) British Open,6) Commandos 2,6) Kylie Minogue,6) South Park,6) Barnes & Noble,6) Internet Explorer 6,6) iMesh,6) George Harrison
7) Oracle,7) Moulin Rouge,7) Metallica,7) CNET,7) Lisa Harrison,7) Empire Earth,7) Shakira,7) Friends,7) Costco,7) Nokia 3310,7) Limewire,7) Josh Hartnett
8) Ferrari,8) Planet of the Apes,8) Limp Bizkit,8) Associated Press,8) Melbourne Cup,8) Max Payne,8) Anna Kournikova,8) Temptation Island,8) Bed Bath & Beyond,8) Gameboy Advance,8) BearShare,8) Dale Earnhardt
9) Honda,9) American Pie 2,9) Blink-182,9) Le Monde,9) World Series,9) Diablo 2,9) Andrea Thompson,9) Buffy the Vampire Slayer,9) Abercrombie & Fitch,9) iPod,9) Aimster,9) Bob Marley
10) Canon,10) The Fast and the Furious,10) Enya,10) The Economist,10) New York Marathon,10) FIFA 2002,10) Mariah Carey,10) Charmed,10) GNC,10) Nokia 8310,10) MP3Pro,10) Michael Jordan