Year,Word
2001,Nokia
2001,Sony
2001,BMW
2001,Palm
2001,Adobe
2001,Dell
2001,Oracle
2001,Ferrari
2001,Honda
2001,Canon
2001,Harry Potter
2001,Lord of the Rings
2001,Final Fantasy
2001,Tomb Raider
2001,Shrek
2001,Pearl Harbor
2001,Moulin Rouge
2001,Planet of the Apes
2001,American Pie 2
2001,The Fast and the Furious
2001,Beatles
2001,U2
2001,N Sync
2001,Backstreet Boys
2001,Linkin Park
2001,Pink Floyd
2001,Metallica
2001,Limp Bizkit
2001,Blink 182
2001,Enya
2001,CNN
2001,BBC
2001,New York Times
2001,MSNBC
2001,Washington Post
2001,Fox News
2001,CNET
2001,Associated Press
2001,Le Monde
2001,The Economist
2001,Anna Kournikova
2001,Tour de France
2001,Dale Earnhardt
2001,Wimbledon
2001,US Open
2001,British Open
2001,Lisa Harrison
2001,Melbourne Cup
2001,World Series
2001,New York Marathon
2001,Counterstrike
2001,The Sims
2001,Operation Flashpoint
2001,Moorhuhn Three
2001,Wolfenstein
2001,Commandos Two
2001,Empire Earth
2001,Max Payne
2001,Diablo 2
2001,FIFA 2002
2001,Britney Spears
2001,Pamela Anderson
2001,Jennifer Lopez
2001,Madonna
2001,Aaliyah
2001,Kylie Minogue
2001,Shakira
2001,Anna Kournikova
2001,Andrea Thompson
2001,Mariah Carey
2001,Loft Story
2001,Big Brother
2001,The Simpsons
2001,Survivor
2001,Gran Hermano
2001,South Park
2001,Friends
2001,Temptation Island
2001,Buffy the Vampire Slayer
2001,Charmed
2001,Amazon
2001,IKEA
2001,Toys R Us
2001,Walmart
2001,Circuit City
2001,Barnes & Noble
2001,Costco
2001,Bed Bath & Beyond
2001,Abercrombie & Fitch
2001,GNC
2001,Windows XP
2001,Xbox
2001,PlayStation Two
2001,GameCube
2001,Nokia 5510
2001,Internet Explorer
2001,Nokia 3310
2001,Gameboy Advance
2001,iPod
2001,Nokia 8310
2001,Morpheus
2001,Napster
2001,Gnutella
2001,Kazaa
2001,Audiogalaxy
2001,iMesh
2001,Limewire
2001,BearShare
2001,Aimster
2001,MP3Pro
2001,Nostradamus
2001,Osama bin Laden
2001,Eminem
2001,Michael Jackson
2001,Howard Stern
2001,George Harrison
2001,Josh Hartnett
2001,Dale Earnhardt
2001,Bob Marley
2001,Michael Jordan
2002,David Beckham
2002,Anna Kournikova
2002,Ronaldo
2002,Kobe Bryant
2002,Zinedine Zidane
2002,Vince Carter
2002,Allen Iverson
2002,Serena Williams
2002,Tiger Woods
2002,Venus Williams
2002,The Simpsons
2002,Pokémon
2002,Snoopy
2002,Superman
2002,Batman
2002,Hello Kitty
2002,Barbie
2002,Garfield
2002,Santa Claus
2002,Easter Bunny
2002,The Simpsons
2002,Big Brother
2002,The Osbournes
2002,South Park
2002,SpongeBob SquarePants
2002,Anna Nicole Show
2002,The Sopranos
2002,American Idol
2002,Popstars
2002,EastEnders
2002,The Sims
2002,Counter Strike
2002,GTA 3
2002,Warcraft 3
2002,Jedi Knight 2
2002,Morrowind
2002,Diablo 2
2002,Neverwinter Nights
2002,Max Payne
2002,Dungeon Siege
2002,Britney Spears
2002,Pamela Anderson
2002,Jennifer Lopez
2002,Shakira
2002,Anna Kournikova
2002,Carmen Electra
2002,Angelina Jolie
2002,Christina Aguilera
2002,Natalie Portman
2002,Kylie Minogue
2002,Spiderman
2002,Harry Potter
2002,Star Wars
2002,Jackass
2002,Scooby Doo
2002,Die Another Day
2002,8 Mile
2002,Signs
2002,The Ring
2002,Lord of the Rings
2002,World Cup
2002,Iraq
2002,Sniper
2002,Hurricane Lili
2002,Hochwasser
2002,Las Ketchup
2002,WorldCom
2002,American Idol
2002,Winter Olympics
2002,Isla Perejil
2002,MP3
2002,SMS
2002,WinZip
2002,Linux
2002,FTP
2002,Dell
2002,Xbox
2002,RealPlayer
2002,Microsoft
2002,Java
2002,Paris
2002,Canada
2002,New York
2002,India
2002,Las Vegas
2002,Australia
2002,Hawaii
2002,Japan
2002,Cuba
2002,London
2002,Paris
2002,Canada
2002,New York
2002,India
2002,Las Vegas
2002,Australia
2002,Hawaii
2002,Japan
2002,Cuba
2002,London
2002,Eminem
2002,Shakira
2002,Madonna
2002,Nelly
2002,2Pac
2002,Linkin Park
2002,Korn
2002,Blink-182
2002,Ja Rule
2002,Metallica
2002,Eminem
2002,Brad Pitt
2002,David Beckham
2002,Josh Hartnett
2002,2Pac
2002,Nelly
2002,Vin Diesel
2002,Ronaldo
2002,Elijah Wood
2002,Marilyn Manson
2002,Ferrari
2002,Sony
2002,Nokia
2002,Disney
2002,IKEA
2002,Dell
2002,Ryanair
2002,Microsoft
2002,Porsche
2002,HP
2003,Manga
2003,Final Fantasy
2003,Sailor Moon
2003,Yu-Gi-Oh
2003,Dragon Ball Z
2003,InuYasha
2003,Goku
2003,Beyblade
2003,Zelda
2003,Digimon
2003,Earthquake
2003,California Earthquake
2003,Earthquakes
2003,Earthquake California
2003,California Earthquakes
2003,Caltech Earthquake
2003,USGS Earthquake
2003,Earthquake News
2003,San Simeon Earthquake
2003,Recent Earthquakes
2003,Eminem
2003,David Beckham
2003,Orlando Bloom
2003,Justin Timberlake
2003,50 Cent
2003,Tupac
2003,Brad Pitt
2003,Johnny Depp
2003,Marilyn Manson
2003,Vin Diesel
2003,Britney Spears
2003,Harry Potter
2003,Matrix
2003,Shakira
2003,David Beckham
2003,50 Cent
2003,Iraq
2003,Lord of the Rings
2003,Kobe Bryant
2003,Tour de France
2003,Iraq
2003,Laci Peterson
2003,Kobe Bryant
2003,Bertrand Cantat
2003,RIAA
2003,Jessica Lynch
2003,Michael Jackson
2003,Elizabeth Smart
2003,Korea
2003,Dixie Chicks
2003,The Simpsons
2003,Harry Potter
2003,Pokémon
2003,Spiderman
2003,Winnie the Pooh
2003,Hello Kitty
2003,Snoopy
2003,South Park
2003,Superman
2003,SpongeBob SquarePants
2003,Ferrari
2003,Sony
2003,BMW
2003,Disney
2003,Ryanair
2003,HP
2003,Dell
2003,easyJet
2003,Last Minute
2003,Walmart
2004,Ferrari
2004,BMW
2004,Lamborghini
2004,Nissan Skyline
2004,Porsche
2004,Mercedes
2004,Honda Civic
2004,Mustang
2004,Toyota Supra
2004,Mitsubishi Eclipse
2004,SCO
2004,Johnson & Johnson
2004,ING
2004,GE Aviation
2004,Fleet
2004,France
2004,China
2004,India
2004,Iraq
2004,Iran
2004,South Korea
2004,Japan
2004,Haiti
2004,Cuba
2004,Pakistan
2004,Spa
2004,Movies
2004,Nightclub
2004,Pub
2004,Zoo
2004,Pizza
2004,Sushi
2004,Bakery
2004,Chinese
2004,Italian
2004,Bikini
2004,Mini Skirt
2004,Prom Dresses
2004,Lingerie
2004,Little Black Dress
2004,Poncho
2004,T-Shirt
2004,Sports Bra
2004,Red Dress
2004,Low-Rise Jeans
2004,iPod
2004,Digital Camera
2004,MP3
2004,Xbox
2004,PlayStation 2
2004,Portable DVD Player
2004,Plasma TV
2004,Digital Camcorder
2004,PDA
2004,Electric Scooter
2004,Wallpaper
2004,Kazaa
2004,MP3
2004,Spybot
2004,Linux
2004,eBay
2004,Walmart
2004,MapQuest
2004,Amazon
2004,Home Depot
2004,Britney Spears
2004,Paris Hilton
2004,Christina Aguilera
2004,Pamela Anderson
2004,Carmen Electra
2004,Jennifer Lopez
2004,Angelina Jolie
2004,Avril Lavigne
2004,Beyoncé
2004,Hilary Duff
2004,The Simpsons
2004,Pokémon
2004,South Park
2004,Charmed
2004,SpongeBob SquarePants
2004,UGG Boots
2004,Puma
2004,Adidas
2004,Nike
2004,Aerosole
2004,Manolo Blahnik
2004,Steve Madden
2004,Birkenstock
2004,Dr. Martens
2004,Kenneth Cole
2004,Holiday Inn
2004,Hampton Inn
2004,Marriott
2004,Hilton
2004,Days Inn
2004,Sheraton
2004,Embassy Suites
2004,Motel 6
2004,Residence Inn
2004,Fairfield Inn
2004,Orlando Bloom
2004,Eminem
2004,Usher
2004,Johnny Depp
2004,Brad Pitt
2004,David Beckham
2004,50 Cent
2004,Bob Marley
2004,Justin Timberlake
2004,Michael Jackson
2004,Walmart
2004,Home Depot
2004,Best Buy
2004,Costco
2004,Walgreens
2004,Barnes & Noble
2004,Blockbuster Video
2004,Office Depot
2004,Kinko's
2004,Circuit City
2004,David Beckham
2004,Tour de France
2004,Euro 2004
2004,NBA
2004,Lance Armstrong
2004,NFL
2004,Boston Red Sox
2004,Cricket
2004,Chicago Cubs
2004,NY Yankees
2004,Louis Vuitton
2004,Nikon
2004,Canon
2004,Treo
2004,Tiffany
2004,Rolex
2004,Roomba
2004,Armani
2004,Aeron
2004,Ray-Ban
2004,Britney Spears
2004,Christina Aguilera
2004,Pamela Anderson
2004,Paris Hilton
2004,Carmen Electra
2004,Jennifer Lopez
2004,Angelina Jolie
2004,Beyoncé
2004,Avril Lavigne
2004,Hilary Duff
2004,Nicholas Berg
2004,Christopher Reeve
2004,Spalding Gray
2004,Marlon Brando
2004,Kenneth Bigley
2004,Britney Spears
2004,Paris Hilton
2004,Christina Aguilera
2004,Pamela Anderson
2004,Chat
2004,Games
2004,Carmen Electra
2004,Orlando Bloom
2004,Harry Potter
2004,MP3
2004,George W. Bush
2004,Janet Jackson
2004,John Kerry
2004,Britney Spears
2004,Saddam Hussein
2004,Kobe Bryant
2004,Michael Jackson
2004,Angelina Jolie
2004,Martha Stewart
2004,Clay Aiken
2004,The Simpsons
2004,Pokémon
2004,South Park
2004,Garfield
2004,Hello Kitty
2004,Winnie the Pooh
2004,SpongeBob SquarePants
2004,Finding Nemo
2004,Dragon Ball Z
2004,Tweety
2004,Poker Chips
2004,Airsoft Guns
2004,Mountain Bike
2004,Pocket Bike
2004,Night Vision Goggles
2004,Gas Scooter
2004,Running Shoes
2004,Tent
2004,Paintball
2004,Baseballs
2004,Tablet PC
2004,Computer
2004,Laptop
2004,Headphones
2004,Computer Speakers
2004,Notebook Computer
2004,GPS
2004,Webcam
2004,Wireless Speakers
2004,Flat Panel Monitor
2005,iPod
2005,Digital Camera
2005,MP3 Player
2005,iPod Mini
2005,PlayStation Portable
2005,Laptop
2005,Xbox
2005,iPod Shuffle
2005,Computer Desk
2005,iPod Nano
2005,Janet Jackson
2005,Hurricane Katrina
2005,Tsunami
2005,Xbox 360
2005,Brad Pitt
2005,Michael Jackson
2005,American Idol
2005,Britney Spears
2005,Angelina Jolie
2005,Harry Potter
2006,Janet Jackson
2006,Hurricane Katrina
2006,Tsunami
2006,Xbox 360
2006,Brad Pitt
2006,Michael Jackson
2006,American Idol
2006,Britney Spears
2006,Angelina Jolie
2006,Harry Potter
2006,Paul McCartney and Heather Mills
2006,Travis Barker and Shanna Moakler
2006,Britney Spears and Kevin Federline
2006,Whitney Houston and Bobby Brown
2006,Eminem and Kim Mathers
2006,Reese Witherspoon and Ryan Phillippe
2006,Heather Locklear and Richie Sambora
2006,Star Jones and Al Reynolds
2006,Anna Benson and Kris Benson
2006,Prince and Mayte Garcia
2006,World Cup Jerseys
2006,Zidane Jersey
2006,Buffalo Sabres Jersey
2006,Ronaldinho Jersey
2006,Italy Jersey
2006,Brazil Jersey
2006,Seahawks Jersey
2006,England Jersey
2006,USA Soccer Jersey
2006,Argentina Jersey
2006,Paris Hilton
2006,Orlando Bloom
2006,Cancer
2006,Podcasting
2006,Hurricane Katrina
2006,Bankruptcy
2006,Martina Hingis
2006,Autism
2006,2006 NFL Draft
2006,Celebrity Big Brother 2006
2006,Nicole Kidman and Keith Urban
2006,Tom Cruise and Katie Holmes
2006,Avril Lavigne and Deryck Whibley
2006,Campbell Brown and Dan Senor
2006,TomKat Wedding Photos
2006,Avril Wedding
2006,Tom Katie Wedding
2006,Cruise Holmes Wedding
2006,Wedding Crashers Rules
2006,Pamela Anderson and Kid Rock
2006,Where is Togo
2006,Where is Matt
2006,Where is Torino
2006,Where is Darfur
2006,Where is Villanova
2006,Where is Montenegro
2006,Where is Angola
2006,Where is .com au
2006,Where is Palestine
2006,Where is Dubai
2006,Who is Borat
2006,Who is Hezbollah
2006,Who is EU
2006,Who is Hot
2006,Who is Capote
2006,Who is V
2006,Who is Banksy
2006,Who is Muhammad
2006,Who is Buckethead
2006,Who is IP
2006,What is Hezbollah
2006,What is Carisoprodol
2006,What is Acyclovir
2006,What is Alprazolam
2006,What is Tramadol
2006,What is Ajax
2006,What is Hydrocodone
2006,What is Vicodin
2006,What is Xenical
2006,What is Xanax
2006,Bob Barker
2006,Bobby Bowden
2006,Sammy Sosa
2006,Tiki Barber
2006,Bill Gates
2006,Number 51
2006,Jet Li
2006,Bowden
2006,Jimmy Smith
2006,Curtis Martin
2006,Bebo
2006,Myspace
2006,World Cup
2006,Metacafe
2006,Radioblog
2006,Wikipedia
2006,Video
2006,Rebelde
2006,Mininova
2006,Wiki
2006,How to Refinance
2006,Wiki How To
2006,How to Drift
2006,How to Podcast
2006,How to Scream
2006,How to Levitate
2006,How to Tattoo
2006,How to Blog
2006,How to Kickflip
2006,How to Draw
2006,Define Promiscuous
2006,Define Web 2.0
2006,Define FTW
2006,Define Calidad
2006,Define Ajax
2006,Define Ensayo
2006,Define Ciencia
2006,Define Administracion
2006,Define Harlequin
2006,Define Filosofia
2007,Anna Nicole Smith
2007,Travis Barker (Rumored)
2007,Vince McMahon (Rumored)
2007,Chris Benoit
2007,Fidel Castro (Rumored)
2007,Michael Jackson (Rumored)
2007,Ryan Sheckler (Rumored)
2007,Bob Barker (Rumored)
2007,Criss Angel (Rumored)
2007,Kurt Vonnegut
2007,Pilates
2007,Bikram Yoga
2007,Spinning
2007,Cross Fit
2007,Zumba
2007,Kettlebells
2007,Triathlon Training
2007,Parkour
2007,Bosu
2007,Gym Jones
2007,Borat Lawsuit
2007,Vonage Lawsuit
2007,iPhone Lawsuit
2007,Facebook Lawsuit
2007,Jamie Gold Lawsuit
2007,Pants Lawsuit
2007,McDonald's Lawsuit
2007,Paxil Lawsuit
2007,RIAA Lawsuit
2007,Dell Lawsuit
2007,Ron Paul
2007,Fred Thompson
2007,Hilary Clinton
2007,Barack Obama
2007,John Edwards
2007,Mitt Romney
2007,John McCain
2007,Joe Biden
2007,Bill Richardson
2007,Rudy Giuliani
2007,Mosquito Ringtone
2007,24 Ringtone
2007,The Office Ringtone
2007,Silent Ringtone
2007,Crazy Frog Ringtone
2007,High Pitch Ringtone
2007,Final Fantasy Ringtone
2007,Ultrasonic Ringtone
2007,Transformers Ringtone
2007,Spider Pig Ringtone
2007,Who Is God
2007,Who Is Who
2007,Who Is Lookup
2007,Who Is Jesus
2007,Who Is It
2007,Who Is Buckethead
2007,Who Is Calling
2007,Who Is Keppler
2007,Who Is This
2007,Who Is Satan
2007,Weight Watchers
2007,Jenny Craig
2007,Volumetrics
2007,Slim Fast
2007,Atkins Diet
2007,Beck Diet
2007,Ornish Diet
2007,Zone Diet
2007,Best Life Diet
2007,Mediterranean Diet
2007,How to Kiss
2007,How to Draw
2007,How to Knit
2007,How to Hack
2007,How to Dance
2007,How to Crochet
2007,How to Meditate
2007,How to Flirt
2007,How to Levitate
2007,How to Skateboard
2007,Umbrella Lyrics
2007,Soulja Boy Lyrics
2007,Bubbly Lyrics
2007,Paramore Lyrics
2007,Lil Wayne Lyrics
2007,Taylor Swift Lyrics
2007,Apologize Lyrics
2007,Hannah Montana Lyrics
2007,Girlfriend Lyrics (Avril Lavigne)
2007,Avril Lavigne Lyrics
2007,Master Cleanse Recipe
2007,Ratatouille Recipe
2007,Lemonade Diet Recipe
2007,Mojito Recipe
2007,Zucchini Bread Recipe
2007,Eggplant Parmesan Recipe
2007,Dog Food Recipe
2007,Chicken Salad Recipe
2007,Meatloaf Recipe
2007,Simple Syrup Recipe
2007,What Is Love
2007,What Is Autism
2007,What Is RSS
2007,What Is Lupus
2007,What Is SAP
2007,What Is Bluetooth
2007,What Is Emo
2007,What Is Java
2007,What Is HPV
2007,What Is Gout
2007,American Idol
2007,YouTube
2007,Britney Spears
2007,2007 Cricket World Cup
2007,Chris Benoit
2007,iPhone
2007,Anna Nicole Smith
2007,Paris Hilton
2007,Iran
2007,Vanessa Hudgens
2008,Financial Crisis
2008,Depression
2008,Bailout
2008,Morgage Crisis
2008,Wall Street
2008,Oil
2008,Stock Market
2008,Subprime
2008,Credit Crisis
2008,Housing Crisis
2008,Joe The Plumber
2008,Jeremiah Wright
2008,Maverick
2008,William Ayers
2008,Bridge To Nowhere
2008,Lipstick Pig
2008,Yes We Can
2008,That One
2008,Rashid Khalidi
2008,Hockey Mom
2008,Martini
2008,Mojito
2008,Margarita
2008,Manhattan
2008,Cosmopolitan
2008,Sangria
2008,Bellini
2008,Mai Tai
2008,White Russian
2008,Bloody Mary
2008,Ice Cream
2008,Chili
2008,Spaghetti
2008,Meatloaf
2008,Fried Chicken
2008,Chicken Soup
2008,Apple Pie
2008,Pot Pie
2008,Potato Salad
2008,Macaroni and Cheese
2008,Hugh Hefner & Holly Madison
2008,Danity Kane
2008,Jennifer Aniston & John Mayer
2008,Taylor Swift & Joe Jonas
2008,Jessica Simpson & Tony Romo
2008,Miley Cyrus & Nick Jonas
2008,George Clooney & Sarah Larson
2008,Sarah Silverman & Jimmy Kimmel
2008,Deanna Pappas & Jesse Csincsak
2008,Heath Ledger & Michelle Williams
2008,Olympic Mascot
2008,Georgia Mascot
2008,Tennessee Mascot
2008,Ohio State Mascot
2008,Phillies Mascot
2008,Auburn Mascot
2008,Alabama Mascot
2008,Stanford Mascot
2008,Harvard Mascot
2008,With You
2008,My Life
2008,Love Song
2008,Lollipop
2008,Low
2008,Paper Planes
2008,Bleeding Love
2008,Tonight
2008,Forever
2008,What is Love
2008,What is Life
2008,What is Java
2008,What is SAP
2008,What is RSS
2008,What is Scientology
2008,What is Autism
2008,What is Lupus
2008,What is 3G
2008,American Idol
2008,Lost
2008,SNL
2008,The Office
2008,Family Guy
2008,Heroes
2008,Oprah
2008,One Tree Hill
2008,Big Brother
2008,Jonas Brothers
2008,Coldplay
2008,Hannah Montana
2008,Kenny Chesney
2008,Carrie Underwood
2008,Radiohead
2008,Lil Wayne
2008,Madonna
2008,Eagles
2008,Rascal Flatts
2008,Heath Ledger
2008,Bernie Mac
2008,Tim Russert
2008,Isaac Hayes
2008,George Carlin
2008,Brad Renfro
2008,Randy Pausch
2008,Paul Newman
2008,Boyd Coddington
2008,Michael Crichton
2008,DIY Wedding
2008,DIY TV
2008,DIY Solar
2008,DIY Tile
2008,DIY Audio
2008,DIY Home
2008,DIY Halloween
2008,DIY Electric
2008,DIY Concrete
2008,DIY Car
2008,How To Draw
2008,How To Kiss
2008,How To Write
2008,How To Cook
2008,How To Tie
2008,How To Hack
2008,How To Run
2008,How To Cite
2008,How To Paint
2008,How To Spell
2008,Dark Knight
2008,Iron Man
2008,Hulk
2008,Star Wars
2008,Indiana Jones
2008,Twilight
2008,Spiderman
2008,Superman
2008,Terminator
2008,Who is Obama
2008,Who is McCain
2008,Who is Palin
2008,Who is Lil Wayne
2008,Who is Miley Cyrus
2008,Who is Dolla
2008,Who is Jonas Brothers
2008,Who is Chris Brown
2008,Gymnastics
2008,Swimming
2008,Soccer
2008,Tennis
2008,Basketball
2008,Volleyball
2008,Equestrian
2008,BMX
2008,Boxing
2008,Red River Rivalry
2008,Michigan Ohio State Rivalry
2008,Red Sox Yankees Rivalry
2008,Lakers Celtics Rivalry
2008,Georgia Auburn Rivalry
2008,Alabama Auburn Rivalry
2008,Notre Dame USC Rivalry
2008,Redskins Cowboys Rivalry
2008,Penn State Ohio State Rivalry
2008,American Idol
2008,Big Brother
2008,Dancing with the Stars
2008,So You Think You Can Dance
2008,The Hills
2008,Biggest Loser
2008,America's Next Top Model
2008,Project Runway
2008,Real World
2008,Facebook
2008,Myspace
2008,Hi5
2008,Orkut
2008,LinkedIn
2008,Nasza Klasa
2008,Netlog
2008,Mixi
2008,Meetup
2009,Michael Jackson
2009,Transformers
2009,Eminem
2009,Naruto Shippuden
2009,Beyoncé
2009,PeliculasID
2009,Paranormal Activity
2009,Anime Online
2009,Natasha Richardson
2009,Poker Face Lyrics
2009,VMAs
2009,International Society Of Transport Aircraft Trading
2009,Delhi Sustainable Development Summit
2009,BBC Proms
2009,EuroChocolate
2009,Beijing 2008
2009,Euro 2008
2009,Heath Ledger
2009,Barack Obama
2009,Amy Winehouse
2009,KralOyun
2009,Dailymotion
2009,Bebo
2009,Wii
2009,Emule
2009,Michael Jackson
2009,Facebook
2009,Tuenti
2009,Twitter
2009,Sanalika
2009,New Moon
2009,Lady Gaga
2009,windows 7
2009,Torpedo Gratis
2009,Eurovision 2009
2009,Susan Boyle
2009,Jade Goody
2009,Lady Gaga
2009,Robert Pattinson
2009,Win For Life
2009,FIFA 10
2009,Secret Story 3
2009,Facebook
2009,Schweinegrippe
2009,Sonnenrot Festival
2009,Festival Sudoeste
2009,Festival Di Venezia
2009,Coca Cola Zero Fest
2009,Lesbian Film Festival
2009,Acai Berry
2009,Picnic
2009,COOKPAD
2009,Tesco Direct
2009,Senseo
2009,Peanut Butter Recall
2009,Nespresso Commande
2009,Habib's Delivery
2009,Mocktail
2009,MasterChef Australia
2009,Windows 7
2009,Tamiflu
2009,Alli
2009,Nokia N97
2009,LightScribe
2009,YouTube App
2009,Facebook App
2009,IPlayer App
2009,Google Maps App
2009,Twitter App
2009,Ted Kennedy
2009,Twitter Tips
2009,Jade Goody
2009,Gad Elmaleh
2009,Chris Brown
2009,Jade Goody
2009,Lady Gaga
2009,Michael Jackson
2009,Robert Pattinson
2009,Megan Fox
2009,Irish Economy 2009
2009,Indian Economy 2009
2009,Nobel Prize Economia 2009
2009,UK Economy 2009
2009,Energy Economy
2009,Real Madrid
2009,US Open
2009,UFC
2009,Sahadan
2009,LiveScore
2009,Pacquiao vs Cotto
2009,PGA Tour Leaderboard
2009,Confederations Cup
2009,L'equipe Football
2010,iPad
2010,iPhone 4
2010,Nokia 5530
2010,HTC EVO 4g
2010,Nokia N900
2010,Blackberry Apps
2010,Duracell myGrid
2010,OtterBox
2010,PdaNet
2010,Swine Flu
2010,WaMu
2010,New Moon
2010,Mininova
2010,Susan Boyle
2010,Slumdog Millionaire
2010,Circuit City
2010,MySpace Layouts
2010,Michael Jackson
2010,National City Bank
2010,HCG diet
2010,Dr. Oz
2010,Aspergers
2010,McDonald's nutrition
2010,Vitamin D Deficiency
2010,Appendictis Symptoms
2010,Cholera
2010,NFP
2010,Vacina H1N1
2010,Whooping Cough
2010,Anhembi Parque
2010,WM Gucken
2010,World Cup
2010,Bundeskanzleramt
2010,Rio Branco
2010,Mt. Everest
2010,Kew Gardens
2010,Tour Eiffel
2010,Oxford Street
2010,Nürburgring
2010,Justin Bieber
2010,Katy Perry
2010,Selena Gomez
2010,Kim Kardashian
2010,Eminem
2010,Lady Gaga
2010,Miley Cyrus
2010,Taylor Lautner
2010,Megan Fox
2010,Robert Pattinson
2010,Chatroulette
2010,iPad
2010,Justin Bieber
2010,Nicki Minaj
2010,Friv
2010,Myxer
2010,Katy Perry
2010,Twitter
2010,Gamezer
2010,Facebook
2010,Mundial 2010
2010,Olympics
2010,ESPN3
2010,FIFA 11
2010,Randy Moss
2010,Miami Heat
2010,Mourinho
2010,Wayne Rooney
2010,Cricket Live Score
2010,David Villa
2010,Justin Bieber
2010,Shakira
2010,Eminem
2010,Netflix
2010,YouTube
2010,Lady Gaga
2010,Ke$ha
2010,Nicki Minaj
2010,Grooveshark
2010,Transformers 3
2010,MasterChef
2010,食べログ
2010,Cupcakes
2010,Jimmy Johns
2010,Kак жрать суши
2010,Dominos Pizza Menu
2010,Tudo Gostoso Receitas
2010,Guacamole Recipe
2010,Applebees Menu
2010,Rachael Ray
2010,Donate to Haiti
2010,Donate to Pakistan
2010,Text to donate
2010,Doctors Without Borders
2010,Download to Donate
2010,Red Cross Canada
2010,Blood Donation Restritions
2010,Donate Blood Australia
2010,Donate Now Button
2010,CSL Plasma
2011,Amazon Kindle Fire
2011,iPhone 4s
2011,Sidekick 4g
2011,Hp Touchpad
2011,Spb Shell 3d
2011,iPad 2
2011,Htc Sensation
2011,Samsung Nexus Prime
2011,Sony Ngp
2011,iPad 3
2011,Myspace
2011,Hi5
2011,Mebo
2011,Nasza Klasa
2011,Netlog
2011,Baidu
2011,Wer-Kennt-Wen
2011,meinVZ
2011,Hotmail Correo
2011,Delta Airlines
2011,Wendy's
2011,Just Eat
2011,Little Caesars
2011,Chick-Fil-A
2011,Allrecipes
2011,Jimmy John's
2011,Buffalo Wild Wings
2011,Popeyes
2011,Cupcakes
2011,Fukushima
2011,iPhone 4s
2011,Melania Rea
2011,Salvatore Parolisi
2011,Lamberto Sposini
2011,Battlefield 3
2011,DSK
2011,iPhone 5
2011,Gaddafi
2011,Libya
2011,Mayweather vs. Ortiz
2011,SoccerStar
2011,Dan Wheldon
2011,UFC Rio
2011,Marco Simoncelli
2011,Troy Davis
2011,India Vs. England
2011,Hope Solo
2011,Pacquiao Vs. Mosley
2011,Rebecca Black
2011,Ryan Dunn Dead
2011,Price Tag Lyrics
2011,Amy Winehouse Death
2011,Super Bass Lyrics
2011,"Crazy, Stupid, Love."
2011,Disney Junior
2011,Kim Kardashian Wedding
2011,The Lazy Song
2011,Rihanna Man Down
2011,Rebecca Black
2011,Google Plus
2011,Ryan Dunn
2011,Casey Anthony
2011,Battlefield 3
2011,iPhone 5
2011,Adele
2011,Steve Jobs
2011,iPad 2
2011,UTM
2011,Siegessaule Berlin
2011,Dpt Conforama
2011,Wells Fargo
2011,Friseur
2011,Elementary Schools
2011,Campgrounds
2011,Shopping Centre
2011,Starbucks
2011,Lake
2011,Big Meech
2011,Steve Jobs
2011,John Dahlback
2011,Nicki Minaj
2011,Rihanna
2011,Joel Osteen
2011,Lil Wayne
2011,Ellen G. White
2011,Wayne Rooney
2011,Lewis Nguyai
2012,Southwest Airlines
2012,United Airlines
2012,American Airlines
2012,Delta Airlines
2012,Air France
2012,Lufthansa
2012,British Airways
2012,JetBlue
2012,Air Canada
2012,US Airways
2012,iPad 3
2012,Samsung Galaxy S3
2012,iPad Mini
2012,Nexus 7
2012,Galaxy Note 2
2012,Play Station
2012,iPad 4
2012,Microsoft Surface
2012,Kindle Fire
2012,Nokia Lumia 920
2012,The Hunger Games
2012,Skyfall
2012,Prometheus
2012,The Avengers
2012,Magic Mike
2012,John Carter
2012,Ek Tha Tiger
2012,Paranormal Activity 4
2012,Taken 2
2012,Dark Shadows
2012,One Direction
2012,Selena Gomez
2012,iPhone 5
2012,Megan Fox
2012,Rihanna
2012,Justin Bieber
2012,Harry Styles
2012,Minecraft
2012,Nicki Minaj
2012,Katy Perry
2012,Whitney Houston
2012,Michael Clarke Duncan
2012,One Direction
2012,Donna Summer
2012,Lana Del Rey
2012,Carolina Dieckmann
2012,Dirk Bach
2012,Carly Rae Jepsen
2012,Michel Telo
2012,LMFAO
2012,BBB12
2012,Avenida Brasil
2012,Here Comes Honey Boo Boo
2012,The Voice
2012,American Idol
2012,Game of Thrones
2012,Homeland
2012,Revenge
2012,Cheias de Charme
2012,Carrossel
2012,Jeremy Lin
2012,Michael Phelps
2012,Peyton Manning
2012,McKayla Maroney
2012,Junior Seau
2012,Sarah Burke
2012,Tom Daley
2012,Lance Armstrong
2012,Mario Balotelli
2012,Ryan Lochte
2012,Hurricane Sandy
2012,Kate Middleton Pictures Released
2012,Olympics 2012
2012,SOPA Debate
2012,Costa Concordia crash
2012,Presidential Debate
2012,Stratosphere Jump
2012,Penn State Scandal
2012,Trayvon Martin shooting
2012,Pussy Riots
2012,Whitney Houston
2012,Kate Middleton
2012,Amanda Todd
2012,Michael Clarke Duncan
2012,One Direction
2012,Felix Baumgartner
2012,Jeremy Lin
2012,Morgan Freeman
2012,Joseph Kony
2012,Donna Summer
2012,Whitney Houston
2012,Gangnam Style
2012,Hurricane Sandy
2012,iPad 3
2012,Diablo 3
2012,Kate Middleton
2012,Olympics 2012
2012,Amanda Todd
2012,Michael Clarke Duncan
2012,Gangnam Style
2012,Somebody That I Used to Know
2012,KONY 2012
2012,Call Me Maybe
2012,Obama vs. Romney Epic Rap Battles of History
2012,A Dramatic Suprise on a Quiet Square
2012,Why You Asking All Them Questions?
2012,Crystallize
2012,Facebook Parenting: For the Troubled Teen
2012,Felix Baumgartner's Supersonic Free Fall
2013,Oscar Pistorius
2013,Aaron Hernandez
2013,Adrian Peterson
2013,Kevin Ware
2013,Lance Armstrong
2013,Gareth Bale
2013,Jason Collins
2013,Lamar Odom
2013,Ray Lewis
2013,Chris Kelly
2013,Boston Marathon
2013,Typhoon Haiyan
2013,Government Shutdown
2013,2014 FIFA World Cup
2013,Chinese New Year
2013,Australian Open
2013,Eurovision Song Contest
2013,Wimbledon
2013,Syria Conflict
2013,EuroBasket
2013,Man of Steel
2013,Iron Man 3
2013,World War Z
2013,Django Unchained
2013,Despicable Me 2
2013,Gravity
2013,Chennai Express
2013,Les Misérables
2013,The Conjuring
2013,Argo
2013,Cory Monteith
2013,Amanda Bynes
2013,James Gandolfini
2013,Charlie Hunnam
2013,Robin Thicke
2013,Lea Michele
2013,Miley Cyrus
2013,Mindy McCready
2013,Daft Punk
2013,Dakota Johnson
2013,Under The Dome
2013,Defiance
2013,Big Brother 15
2013,Agents of S.H.I.E.L.D.
2013,Here Comes Honey Boo Boo
2013,Sleepy Hollow
2013,Masters of Sex
2013,Homeland
2013,The Blacklist
2013,Survivor
2013,iPhone 5s
2013,Samsung Galaxy S4
2013,PlayStation 4
2013,Xbox One
2013,Nexus 5
2013,HTC One
2013,iPad Air
2013,Blackberry 10
2013,Samsung Galaxy Note 3
2013,Nokia Lumia 1020
2013,Nelson Mandela
2013,Paul Walker
2013,iPhone 5s
2013,Cory Monteith
2013,Harlem Shake
2013,Boston Marathon
2013,Royal Baby
2013,Samsung Galaxy S4
2013,PlayStation 4
2013,North Korea
2013,Nelson Mandela
2013,Paul Walker
2013,Malala Yousafzai
2013,James Gandolfini
2013,Miley Cyrus
2013,Oscar Pistorius
2013,Jennifer Lawrence
2013,Aaron Hernandez
2013,Charlie Hunnam
2013,Adrian Peterson
2014,Robin Williams
2014,World Cup
2014,Ebola
2014,Malaysia Airlines
2014,ALS Ice Bucket Challenge
2014,Flappy Bird
2014,Conchita Wurst
2014,ISIS
2014,Frozen
2014,Sochi Olympics
2014,James Rodriguez
2014,Michael Schumacher
2014,Ray Rice
2014,Luis Suarez
2014,Neymar da Silva Santos
2014,Mario Gotze
2014,Jules Bianchi
2014,Francisco Guillermo Ochoa Magaña
2014,Michael Phelps
2014,Richard Sherman
2014,Ebola
2014,ISIS
2014,Malaysia Airlines
2014,Crimea / Ukraine
2014,Ferguson
2014,Gaza and Israel
2014,Scotish Referendum
2014,Oscar Pistorius trial
2014,Robin Williams
2014,Philip Seymour Hoffman
2014,Peaches Geldof
2014,Shirley Temple
2014,Maya Angelou
2014,Joan Rivers
2014,Gabriel Garcia Marquez
2014,Lauren Bacall
2014,James Avery
2014,Harold Ramis
2014,FIRST KISS
2014,iPhone 6 Plus Bend Test
2014,Devil Baby Attack
2014,Brazil vs Germany
2014,Germany vs Argentina
2014,Brazil vs Chile
2014,Argentina vs Belgium
2014,Brazil vs Croatia
2014,Brazil vs Netherlands
2014,Netherlands vs Mexico
2014,Germany vs Portugal
2014,Brazil vs Mexico
2014,USA vs Germany
2014,2014 Winter Olympics
2014,Rubik's Cube
2014,Philae Robotic Lander
2014,Nelson Mandela
2014,International Women's Day 2014
2014,Audrey Hepburn
2014,Berlin Wall
2014,Leo Tolstoy
2014,Halloween 2014
2014,iPhone 6
2014,Samsung Galaxy S5
2014,Nexus 6
2014,Moto G
2014,Samsung Note 4
2014,LG G3
2014,Xbox One
2014,Apple Watch
2014,Nokia X
2014,iPad Air
2014,Jennifer Lawrence
2014,Kim Kardashian
2014,Julie Gayet
2014,Tracy Morgan
2014,Renee Zellweger
2014,Jared Leto
2014,Lorde
2014,Matthew McConaughey
2014,Amal Alamuddin
2014,Donald Sterling
2015,Lamar Odom
2015,Charlie Hebdo
2015,Agar.io
2015,Jurassic World
2015,Paris
2015,Furious 7
2015,Fallout 4
2015,Ronda Rousey
2015,Caitlyn Jenner
2015,American Sniper
2015,Lamar Odom
2015,Ronda Rousey
2015,Caitlyn Jenner
2015,Adele
2015,Charlie Sheen
2015,Ruby Rose
2015,Donald Trump
2015,Sia
2015,Dakota Johnson
2015,Jeremy Clarkson
2015,Jurassic World
2015,Furious 7
2015,American Sniper
2015,Fifty Shade of Grey
2015,Minions
2015,Spectre
2015,Straight Outta Compton
2015,Mad Max
2015,Prem Ratan Dhan Payo
2015,Birdman
2015,Bobbi Kristina
2015,Cristiano Araujo
2015,Christopher Lee
2015,Sandra Bland
2015,Stuart Scott
2015,Leonard Nimoy
2015,Zhanna Friske
2015,Naomi Kawashima
2015,Scott Weiland
2015,BB King
2015,Charlie Hebdo
2015,Paris
2015,Hurricane Patricia
2015,Isis
2015,Nepal
2015,El Chapo
2015,Greece
2015,Baltimore Riots
2015,San Bernardino
2015,Hurricane Joaquin
2015,iPhone 6S
2015,Samsung Galaxy S6
2015,Apple Watch
2015,iPad Pro
2015,LG G4
2015,Samsung Galaxy Note 5
2015,Samsung Galaxy J5
2015,HTC One M9
2015,Nexus 6P
2015,Surface Pro 4
2015,Adele
2015,Sia
2015,Eagles of Death Metal
2015,Sam Smith
2015,Meghan Trainor
2015,Fetty Wap
2015,N.W.A
2015,Eazy-E
2015,Hozier
2015,Chris Stapleton
2015,Big Brother Brazil
2015,Jessica Jones
2015,Bigg Boss
2015,Fear the Walking Dead
2015,Better Call Saul
2015,Game of Thrones
2015,Daredevil
2015,One Punch Man
2015,Verdades Secretas
2015,Scream Queens
2015,Copa America
2015,Wimbledon
2015,Tour de France
2015,Rugby World Cup
2015,Super Bowl
2015,Mayweather vs Pacquiao
2015,Indian Premier League
2015,US Open
2015,ICC Cricket World Cup
2015,Australian Open
2016,Pokémon Go
2016,iPhone 7
2016,Donald Trump
2016,Prince
2016,Powerball
2016,David Bowie
2016,Deadpool
2016,Olympics
2016,Slither.io
2016,Suicide Squad
2016,Donald Trump
2016,Hillary Clinton
2016,Michael Phelps
2016,Melania Trump
2016,Simone Biles
2016,Bernie Sanders
2016,Steven Avery
2016,Céline Dion
2016,Ryan Lochte
2016,Tom Hiddleston
2016,Rio Olympics
2016,World Series
2016,Tour de France
2016,Wimbledon
2016,Australian Open
2016,EK 2016
2016,T20 World Cup
2016,Copa América
2016,Royal Rumble
2016,Ryder Cup
2016,Deadpool
2016,Suicide Squad
2016,The Revenant
2016,Captain America Civil War
2016,Batman v Superman
2016,Doctor Strange
2016,Finding Dory
2016,Zootopia
2016,The Conjuring 2
2016,Hacksaw Ridge
2016,Stranger Things
2016,Westworld
2016,Luke Cage
2016,Game of Thrones
2016,Black Mirror
2016,Fuller House
2016,The Crown
2016,The Night Of
2016,Soy Luna
2016,Céline Dion
2016,Kesha
2016,Michael Bublé
2016,Creed
2016,Kehlani
2016,Teyana Taylor
2016,Grace Vanderwaal
2016,Ozuna
2016,Lukas Graham
2016,Prince
2016,David Bowie
2016,Christina Grimmie
2016,Alan Rickman
2016,Muhammad Ali
2016,Leonard Cohen
2016,Juan Gabriel
2016,Kimbo Slice
2016,Gene Wilder
2016,iPhone 7
2016,Freedom 251
2016,iPhone SE
2016,iPhone 6S
2016,Google Pixel
2016,Samsung Galaxy S7
2016,iPhone 7 Plus
2016,Note 7
2016,Nintendo Switch
2016,Samsung J7
2016,US Election
2016,Olympics
2016,Brexit
2016,Orlando Shooting
2016,Zika Virus
2016,Panama Papers
2016,Nice
2016,Brussels
2016,Dallas Shooting
2017,Hurricane Irma
2017,iPhone 8
2017,iPhone X
2017,Matt Lauer
2017,Meghan Markle
2017,13 Reasons Why
2017,Tom Petty
2017,Fidget Spinner
2017,Chester Bennington
2017,India National Cricket Team
2017,Hurricane Irma
2017,Bitcoin
2017,Las Vegas Shooting
2017,North Korea
2017,Solar Eclipse
2017,Hurricane Harvey
2017,Manchester
2017,Hurricane Jose
2017,Hurricane Maria
2017,April the Giraffe
2017,iPhone 8
2017,iPhone X
2017,Nintendo Switch
2017,Samsung Galaxy S8
2017,Xbox One X
2017,Nokia 3310
2017,Razer Phone
2017,Oppo F5
2017,OnePlus 5
2017,Nokia 6
2017,Wimbledon
2017,Super Bowl
2017,Mayweather vs McGregor Fight
2017,Tour de France
2017,World Series
2017,Australian Open
2017,US Open
2017,FIFA Confederations Cup
2017,NBA Playoffs
2017,UEFA Champions League
2017,Tom Petty
2017,Chester Bennington
2017,Chris Cornell
2017,Bill Paxton
2017,Hugh Hefner
2017,Aaron Hernandez
2017,Lil Peep
2017,Charlie Murphy
2017,David Cassidy
2017,IT
2017,Wonder Woman
2017,Beauty and the Beast
2017,Logan
2017,Justice League
2017,The Fate of the Furious
2017,Baahubali 2: The Conclusion
2017,Dunkirk
2017,La La Land
2017,Thor: Ragnarok
2017,Chicken breast recipe
2017,Ground beef recipe
2017,French toast recipe
2017,Kek tarifi (cake recipe)
2017,Pork chop recipe
2017,Spaghetti squash recipe
2017,Coleslaw recipe
2017,Pesto recipe
2017,Stranger Things
2017,13 Reasons Why
2017,Big Brother Brasil
2017,Game of Thrones
2017,Iron Fist
2017,Bigg Boss
2017,Riverdale
2017,American Gods
2017,The Kapil Sharma Show
2017,Mindhunter
2017,Despacito
2017,Shape of You
2017,Perfect
2017,Havana
2017,Look What You Made Me Do
2017,HUMBLE
2017,Versace on the Floor
2017,Closer
2017,Bad and Boujee
2017,Rockstar
2017,Meghan Markle
2017,Kevin Spacey
2017,Gal Gadot
2017,Louis C.K.
2017,Bill Skarsgård
2017,Millie Bobby Brown
2017,Tom Holland
2017,Kaley Cuoco
2017,Saoirse Ronan
2017,Jason Momoa
2017,Matt Lauer
2017,Meghan Markle
2017,Nadia Toffa
2017,Harvey Weinstein
2017,Kevin Spacey
2017,Gal Gadot
2017,Melania Trump
2017,Floyd Mayweather
2017,Michael Flynn
2017,Philippe Coutinho
2017,Ariana Grande
2017,Linkin Park
2017,Lady Gaga
2017,Mariah Carey
2017,Ed Sheeran
2017,Travis Scott
2017,Kendrick Lamar
2017,Lil Pump
2017,Katy Perry
2017,Cardi B
2017,Cash Me Outside Meme
2017,United Airlines Meme
2017,Elf on the Shelf Meme
2017,What in Tarnation Meme
2017,Spongebob Mocking Meme
2017,Romper Meme
2017,IT Meme
2017,Joe Biden Meme
2017,Game of Thrones Meme
2017,Hot Dog Meme
2017,How to make slime
2017,How to make solar eclipse glasses
2017,How to buy Bitcoin
2017,How to watch Mayweather vs McGregor
2017,How to make a fidget spinner
2017,How to watch the solar eclipse
2017,How to freeze your credit
2017,How to play Powerball
2017,How to screen record
2017,How to lose belly fat fast
2017,French election
2017,German federal election
2017,UK election
2017,Uttar Pradesh election
2017,Georgia special election
2017,Montana special election
2017,British Columbia election
2017,BMC election
2017,Sicilian regional election
2017,Dutch election
2018,World Cup
2018,Avicii
2018,Mac Miller
2018,Stan Lee
2018,Black Panther
2018,Meghan Markle
2018,Anthony Bourdain
2018,XXXTentacion
2018,Stephen Hawking
2018,Kate Spade
2018,Meghan Markle
2018,Demi Lovato
2018,Sylvester Stallone
2018,Logan Paul
2018,Khloé Kardashian
2018,Jair Bolsonaro
2018,Brett Kavanaugh
2018,Hailey Baldwin
2018,Stormy Daniels
2018,Cardi B
2018,Tristan Thompson
2018,Alexis Sánchez
2018,Lindsey Vonn
2018,Shaun White
2018,Khabib Nurmagomedov
2018,Kawhi Leonard
2018,Naomi Osaka
2018,Philippe Coutinho
2018,Conor McGregor
2018,Harry Kane
2018,Black Panther
2018,Deadpool 2
2018,Venom
2018,Avengers: Infinity War
2018,Bohemian Rhapsody
2018,A Star Is Born
2018,Incredibles 2
2018,The Nun
2018,A Quiet Place
2018,Jurassic World: Fallen Kingdom
2018,Altered Carbon
2018,Roseanne
2018,The Haunting of Hill House
2018,Lost in Space
2018,Grande Fratello
2018,Segundo Sol
2018,Bodyguard
2018,Demi Lovato
2018,Cardi B
2018,Daniel Küblböck
2018,Travis Scott
2018,Rick Ross
2018,6ix9ine
2018,Childish Gambino
2018,Nick Jonas
2018,Avicii
2018,Mac Miller
2018,Stan Lee
2018,Anthony Bourdain
2018,XXXTentacion
2018,Stephen Hawking
2018,Kate Spade
2018,Aretha Franklin
2018,Sridevi
2018,Burt Reynolds
2018,Sylvester Stallone
2018,Logan Paul
2018,Pete Davidson
2018,Bill Cosby
2018,Noah Centineo
2018,Donald Glover
2018,Allison Mack
2018,Gary Oldman
2018,World Cup
2018,Hurricane Florence
2018,Mega Millions Result
2018,Royal Wedding
2018,Election Results
2018,Hurricane Michael
2018,Kavanaugh Confirmation
2018,Florida Shooting
2018,Greve dos caminhoneiros
2018,Government Shutdown
2018,Roseanne Barr
2019,India vs South Africa
2019,Cameron Boyce
2019,Copa America
2019,Bangladesh vs India
2019,iPhone 11
2019,Game of Thrones
2019,Avengers: Endgame
2019,Joker
2019,Notre Dame
2019,ICC Cricket World Cup
2019,Copa America
2019,Notre Dame
2019,ICC Cricket World Cup
2019,Hurricane Dorian
2019,Rugby World Cup
2019,Sri Lanka
2019,Area 51
2019,India election results
2019,Fall of Berlin Wall
2019,Antonio Brown
2019,Neymar
2019,James Charles
2019,Jussie Smollett
2019,Kevin Hart
2019,Billie Eilish
2019,Greta Thunberg
2019,R. Kelly
2019,Joaquin Phoenix
2019,Jordyn Woods
2019,Jussie Smollett
2019,Kevin Hart
2019,Joaquin Phoenix
2019,Keanu Reeves
2019,Lori Loughlin
2019,Lauren London
2019,Rami Malek
2019,Brie Larson
2019,Antonio Brown
2019,Neymar
2019,Bryce Harper
2019,David Ortiz
2019,Alex Morgan
2019,Andrew Luck
2019,Megan Rapinoe
2019,Iker Casillas
2019,Zion Williamson
2019,Ansu Fati
2019,Avengers: Endgame
2019,Joker
2019,Captain Marvel
2019,Toy Story 4
2019,Aquaman
2019,Once Upon a Time in Hollywood
2019,Frozen 2
2019,Green Book
2019,The Lion King
2019,Aladdin
2019,Cameron Boyce
2019,Nipsey Hussle
2019,Julen
2019,Karl Lagerfeld
2019,Emiliano Sala
2019,Jeffrey Epstein
2019,Gugu Liberato
2019,Niki Lauda
2019,Gabriel Diniz
2019,Sushma Swaraj
2019,Old Town Road
2019,7 Rings
2019,Shallow
2019,Señorita
2019,Memories
2019,Into the Unknown
2019,A Whole New World
2019,Sunflower
2019,Sexy Lady
2019,Game of Thrones
2019,Stranger Things
2019,Chernobyl
2019,When They See Us
2019,The Umbrella Academy
2019,The Mandalorian
2019,Euphoria
2019,Dead to Me
2019,Bad Guy